{
  "seen": {
    "1t7fdls": 1778271779.7737527,
    "1t7dzsw": 1778271779.7737527,
    "1t7dge9": 1778271779.7737527,
    "1t7da6b": 1778271779.7737527,
    "1t7c83f": 1778271779.7737527,
    "1t797wy": 1778271779.7737527,
    "1t78206": 1778271779.7737527,
    "1t776lr": 1778271779.7737527,
    "1t76mus": 1778271779.7737527,
    "1t73ydo": 1778271779.7737527,
    "1t73o7f": 1778271779.7737527,
    "1t71x3n": 1778271779.7737527,
    "1t71kov": 1778271779.7737527,
    "1t71ife": 1778271779.7737527,
    "1t71htw": 1778271779.7737527,
    "1t719vv": 1778271779.7737527,
    "1t6yzrp": 1778271779.7737527,
    "1t6ye2e": 1778271779.7737527,
    "1t6xvpu": 1778271779.7737527,
    "1t6wyi0": 1778271779.7737527,
    "1t6whz6": 1778271779.7737527,
    "1t6qqm1": 1778271779.7737527
  }
}